failed_login_count,failed_login_velocity,success_failure_ratio,request_count,rate_violation_count,interaction_rate,rule_hit_count,high_severity_flag,session_duration,unique_endpoint_count,payload_match_count,special_character_ratio,is_attack
0,0,0.3333333333333333,0,0,0,0,0,0,0,0,0,0
0,0,0,0,0,0,0,0,0,0,0,0,0
0,0,0,33,0,31,0,0,0,0,0,0,0
0,0,0.5,0,0,0,0,0,0,0,0,0,0
0,0,0,0,0,0,0,0,0,0,0,0,0
0,0,0,31,0,34,0,0,0,0,0,0,0
0,0,0.3333333333333333,0,0,0,0,0,0,0,0,0,0
0,0,0,0,0,0,0,0,0,0,0,0,0
0,0,0,38,0,68,0,0,0,0,0,0,0
0,0,0.3333333333333333,0,0,0,0,0,0,0,0,0,0
0,0,0,0,0,0,0,0,0,0,0,0,0
0,0,0,10,0,78,0,0,0,0,0,0,0
0,0,0.5,0,0,0,0,0,0,0,0,0,0
0,0,0,0,0,0,0,0,0,0,0,0,0
0,0,0,35,0,31,0,0,0,0,0,0,0
0,0,0.5,0,0,0,0,0,0,0,0,0,0
0,0,0,0,0,0,0,0,0,0,0,0,0
0,0,0,27,0,65,0,0,0,0,0,0,0
0,0,0.5,0,0,0,0,0,0,0,0,0,0
0,0,0,0,0,0,0,0,0,0,0,0,0
0,0,0,9,0,15,0,0,0,0,0,0,0
0,0,0.3333333333333333,0,0,0,0,0,0,0,0,0,0
0,0,0,0,0,0,0,0,0,0,0,0,0
0,0,0,3,0,17,0,0,0,0,0,0,0
0,0,0.5,0,0,0,0,0,0,0,0,0,0
0,0,0,0,0,0,0,0,0,0,0,0,0
0,0,0,9,0,75,0,0,0,0,0,0,0
0,0,1,0,0,0,0,0,0,0,0,0,0
0,0,0,0,0,0,0,0,0,0,0,0,0
0,0,0,2,0,58,0,0,0,0,0,0,0
0,0,0.5,0,0,0,0,0,0,0,0,0,0
0,0,0,0,0,0,0,0,0,0,0,0,0
0,0,0,2,0,59,0,0,0,0,0,0,0
0,0,0.5,0,0,0,0,0,0,0,0,0,0
0,0,0,0,0,0,0,0,0,0,0,0,0
0,0,0,34,0,74,0,0,0,0,0,0,0
0,0,0.5,0,0,0,0,0,0,0,0,0,0
0,0,0,0,0,0,0,0,0,0,0,0,0
0,0,0,21,0,28,0,0,0,0,0,0,0
0,0,0.3333333333333333,0,0,0,0,0,0,0,0,0,0
0,0,0,0,0,0,0,0,0,0,0,0,0
0,0,0,35,0,31,0,0,0,0,0,0,0
0,0,0.5,0,0,0,0,0,0,0,0,0,0
0,0,0,0,0,0,0,0,0,0,0,0,0
0,0,0,1,0,73,0,0,0,0,0,0,0
0,0,1,0,0,0,0,0,0,0,0,0,0
0,0,0,0,0,0,0,0,0,0,0,0,0
0,0,0,30,0,63,0,0,0,0,0,0,0
0,0,0.5,0,0,0,0,0,0,0,0,0,0
0,0,0,0,0,0,0,0,0,0,0,0,0
0,0,0,40,0,15,0,0,0,0,0,0,0
0,0,0.3333333333333333,0,0,0,0,0,0,0,0,0,0
0,0,0,0,0,0,0,0,0,0,0,0,0
0,0,0,1,0,64,0,0,0,0,0,0,0
0,0,0.5,0,0,0,0,0,0,0,0,0,0
0,0,0,0,0,0,0,0,0,0,0,0,0
0,0,0,7,0,21,0,0,0,0,0,0,0
0,0,0.3333333333333333,0,0,0,0,0,0,0,0,0,0
0,0,0,0,0,0,0,0,0,0,0,0,0
0,0,0,31,0,75,0,0,0,0,0,0,0
0,0,1,0,0,0,0,0,0,0,0,0,0
0,0,0,0,0,0,0,0,0,0,0,0,0
0,0,0,7,0,64,0,0,0,0,0,0,0
0,0,0.3333333333333333,0,0,0,0,0,0,0,0,0,0
0,0,0,0,0,0,0,0,0,0,0,0,0
0,0,0,1,0,77,0,0,0,0,0,0,0
0,0,0.5,0,0,0,0,0,0,0,0,0,0
0,0,0,0,0,0,0,0,0,0,0,0,0
0,0,0,25,0,60,0,0,0,0,0,0,0
0,0,0.3333333333333333,0,0,0,0,0,0,0,0,0,0
0,0,0,0,0,0,0,0,0,0,0,0,0
0,0,0,36,0,67,0,0,0,0,0,0,0
0,0,0.5,0,0,0,0,0,0,0,0,0,0
0,0,0,0,0,0,0,0,0,0,0,0,0
0,0,0,11,0,38,0,0,0,0,0,0,0
0,0,0.3333333333333333,0,0,0,0,0,0,0,0,0,0
0,0,0,0,0,0,0,0,0,0,0,0,0
0,0,0,2,0,42,0,0,0,0,0,0,0
0,0,0.5,0,0,0,0,0,0,0,0,0,0
0,0,0,0,0,0,0,0,0,0,0,0,0
0,0,0,11,0,30,0,0,0,0,0,0,0
0,0,0.3333333333333333,0,0,0,0,0,0,0,0,0,0
0,0,0,0,0,0,0,0,0,0,0,0,0
0,0,0,33,0,33,0,0,0,0,0,0,0
0,0,0.5,0,0,0,0,0,0,0,0,0,0
0,0,0,0,0,0,0,0,0,0,0,0,0
0,0,0,2,0,54,0,0,0,0,0,0,0
0,0,0.3333333333333333,0,0,0,0,0,0,0,0,0,0
0,0,0,0,0,0,0,0,0,0,0,0,0
0,0,0,39,0,11,0,0,0,0,0,0,0
0,0,0.3333333333333333,0,0,0,0,0,0,0,0,0,0
0,0,0,0,0,0,0,0,0,0,0,0,0
0,0,0,25,0,35,0,0,0,0,0,0,0
0,0,0.5,0,0,0,0,0,0,0,0,0,0
0,0,0,0,0,0,0,0,0,0,0,0,0
0,0,0,24,0,10,0,0,0,0,0,0,0
0,0,1,0,0,0,0,0,0,0,0,0,0
0,0,0,0,0,0,0,0,0,0,0,0,0
0,0,0,12,0,32,0,0,0,0,0,0,0
0,0,0.5,0,0,0,0,0,0,0,0,0,0
0,0,0,0,0,0,0,0,0,0,0,0,0
0,0,0,33,0,78,0,0,0,0,0,0,0
0,0,0.3333333333333333,0,0,0,0,0,0,0,0,0,0
0,0,0,0,0,0,0,0,0,0,0,0,0
0,0,0,35,0,37,0,0,0,0,0,0,0
0,0,0.5,0,0,0,0,0,0,0,0,0,0
0,0,0,0,0,0,0,0,0,0,0,0,0
0,0,0,35,0,55,0,0,0,0,0,0,0
0,0,1,0,0,0,0,0,0,0,0,0,0
0,0,0,0,0,0,0,0,0,0,0,0,0
0,0,0,33,0,77,0,0,0,0,0,0,0
0,0,1,0,0,0,0,0,0,0,0,0,0
0,0,0,0,0,0,0,0,0,0,0,0,0
0,0,0,8,0,43,0,0,0,0,0,0,0
0,0,1,0,0,0,0,0,0,0,0,0,0
0,0,0,0,0,0,0,0,0,0,0,0,0
0,0,0,1,0,47,0,0,0,0,0,0,0
0,0,0.5,0,0,0,0,0,0,0,0,0,0
0,0,0,0,0,0,0,0,0,0,0,0,0
0,0,0,21,0,76,0,0,0,0,0,0,0
0,0,0.5,0,0,0,0,0,0,0,0,0,0
0,0,0,0,0,0,0,0,0,0,0,0,0
0,0,0,24,0,57,0,0,0,0,0,0,0
0,0,0.3333333333333333,0,0,0,0,0,0,0,0,0,0
0,0,0,0,0,0,0,0,0,0,0,0,0
0,0,0,27,0,23,0,0,0,0,0,0,0
0,0,0.5,0,0,0,0,0,0,0,0,0,0
0,0,0,0,0,0,0,0,0,0,0,0,0
0,0,0,37,0,18,0,0,0,0,0,0,0
0,0,0.3333333333333333,0,0,0,0,0,0,0,0,0,0
0,0,0,0,0,0,0,0,0,0,0,0,0
0,0,0,24,0,72,0,0,0,0,0,0,0
0,0,1,0,0,0,0,0,0,0,0,0,0
0,0,0,0,0,0,0,0,0,0,0,0,0
0,0,0,7,0,63,0,0,0,0,0,0,0
0,0,0.5,0,0,0,0,0,0,0,0,0,0
0,0,0,0,0,0,0,0,0,0,0,0,0
0,0,0,12,0,13,0,0,0,0,0,0,0
0,0,0.3333333333333333,0,0,0,0,0,0,0,0,0,0
0,0,0,0,0,0,0,0,0,0,0,0,0
0,0,0,17,0,79,0,0,0,0,0,0,0
0,0,0.3333333333333333,0,0,0,0,0,0,0,0,0,0
0,0,0,0,0,0,0,0,0,0,0,0,0
0,0,0,6,0,54,0,0,0,0,0,0,0
0,0,1,0,0,0,0,0,0,0,0,0,0
0,0,0,0,0,0,0,0,0,0,0,0,0
0,0,0,3,0,61,0,0,0,0,0,0,0
0,0,0.5,0,0,0,0,0,0,0,0,0,0
0,0,0,0,0,0,0,0,0,0,0,0,0
0,0,0,27,0,48,0,0,0,0,0,0,0
0,0,0.5,0,0,0,0,0,0,0,0,0,0
0,0,0,0,0,0,0,0,0,0,0,0,0
0,0,0,21,0,51,0,0,0,0,0,0,0
0,0,0.3333333333333333,0,0,0,0,0,0,0,0,0,0
0,0,0,0,0,0,0,0,0,0,0,0,0
0,0,0,6,0,11,0,0,0,0,0,0,0
0,0,1,0,0,0,0,0,0,0,0,0,0
0,0,0,0,0,0,0,0,0,0,0,0,0
0,0,0,3,0,15,0,0,0,0,0,0,0
0,0,0.3333333333333333,0,0,0,0,0,0,0,0,0,0
0,0,0,0,0,0,0,0,0,0,0,0,0
0,0,0,35,0,76,0,0,0,0,0,0,0
0,0,0.3333333333333333,0,0,0,0,0,0,0,0,0,0
0,0,0,0,0,0,0,0,0,0,0,0,0
0,0,0,3,0,42,0,0,0,0,0,0,0
0,0,0.3333333333333333,0,0,0,0,0,0,0,0,0,0
0,0,0,0,0,0,0,0,0,0,0,0,0
0,0,0,6,0,26,0,0,0,0,0,0,0
0,0,0.5,0,0,0,0,0,0,0,0,0,0
0,0,0,0,0,0,0,0,0,0,0,0,0
0,0,0,1,0,13,0,0,0,0,0,0,0
0,0,1,0,0,0,0,0,0,0,0,0,0
0,0,0,0,0,0,0,0,0,0,0,0,0
0,0,0,31,0,43,0,0,0,0,0,0,0
0,0,0.3333333333333333,0,0,0,0,0,0,0,0,0,0
0,0,0,0,0,0,0,0,0,0,0,0,0
0,0,0,9,0,24,0,0,0,0,0,0,0
0,0,0.3333333333333333,0,0,0,0,0,0,0,0,0,0
0,0,0,0,0,0,0,0,0,0,0,0,0
0,0,0,34,0,57,0,0,0,0,0,0,0
0,0,0.5,0,0,0,0,0,0,0,0,0,0
0,0,0,0,0,0,0,0,0,0,0,0,0
0,0,0,26,0,49,0,0,0,0,0,0,0
0,0,0.5,0,0,0,0,0,0,0,0,0,0
0,0,0,0,0,0,0,0,0,0,0,0,0
0,0,0,28,0,71,0,0,0,0,0,0,0
0,0,0.3333333333333333,0,0,0,0,0,0,0,0,0,0
0,0,0,0,0,0,0,0,0,0,0,0,0
0,0,0,10,0,33,0,0,0,0,0,0,0
0,0,0.5,0,0,0,0,0,0,0,0,0,0
0,0,0,0,0,0,0,0,0,0,0,0,0
0,0,0,31,0,17,0,0,0,0,0,0,0
0,0,1,0,0,0,0,0,0,0,0,0,0
0,0,0,0,0,0,0,0,0,0,0,0,0
0,0,0,5,0,76,0,0,0,0,0,0,0
0,0,1,0,0,0,0,0,0,0,0,0,0
0,0,0,0,0,0,0,0,0,0,0,0,0
0,0,0,30,0,76,0,0,0,0,0,0,0
0,0,0.5,0,0,0,0,0,0,0,0,0,0
0,0,0,0,0,0,0,0,0,0,0,0,0
0,0,0,39,0,63,0,0,0,0,0,0,0
0,0,1,0,0,0,0,0,0,0,0,0,0
0,0,0,0,0,0,0,0,0,0,0,0,0
0,0,0,38,0,76,0,0,0,0,0,0,0
0,0,1,0,0,0,0,0,0,0,0,0,0
0,0,0,0,0,0,0,0,0,0,0,0,0
0,0,0,34,0,19,0,0,0,0,0,0,0
0,0,1,0,0,0,0,0,0,0,0,0,0
0,0,0,0,0,0,0,0,0,0,0,0,0
0,0,0,27,0,74,0,0,0,0,0,0,0
0,0,0.3333333333333333,0,0,0,0,0,0,0,0,0,0
0,0,0,0,0,0,0,0,0,0,0,0,0
0,0,0,23,0,35,0,0,0,0,0,0,0
0,0,1,0,0,0,0,0,0,0,0,0,0
0,0,0,0,0,0,0,0,0,0,0,0,0
0,0,0,11,0,30,0,0,0,0,0,0,0
0,0,0.3333333333333333,0,0,0,0,0,0,0,0,0,0
0,0,0,0,0,0,0,0,0,0,0,0,0
0,0,0,18,0,17,0,0,0,0,0,0,0
0,0,0.5,0,0,0,0,0,0,0,0,0,0
0,0,0,0,0,0,0,0,0,0,0,0,0
0,0,0,15,0,80,0,0,0,0,0,0,0
0,0,0.5,0,0,0,0,0,0,0,0,0,0
0,0,0,0,0,0,0,0,0,0,0,0,0
0,0,0,38,0,53,0,0,0,0,0,0,0
0,0,1,0,0,0,0,0,0,0,0,0,0
0,0,0,0,0,0,0,0,0,0,0,0,0
0,0,0,30,0,71,0,0,0,0,0,0,0
0,0,0.3333333333333333,0,0,0,0,0,0,0,0,0,0
0,0,0,0,0,0,0,0,0,0,0,0,0
0,0,0,5,0,57,0,0,0,0,0,0,0
0,0,0.3333333333333333,0,0,0,0,0,0,0,0,0,0
0,0,0,0,0,0,0,0,0,0,0,0,0
0,0,0,23,0,64,0,0,0,0,0,0,0
0,0,0.3333333333333333,0,0,0,0,0,0,0,0,0,0
0,0,0,0,0,0,0,0,0,0,0,0,0
0,0,0,1,0,21,0,0,0,0,0,0,0
0,0,0.3333333333333333,0,0,0,0,0,0,0,0,0,0
0,0,0,0,0,0,0,0,0,0,0,0,0
0,0,0,9,0,41,0,0,0,0,0,0,0
0,0,1,0,0,0,0,0,0,0,0,0,0
0,0,0,0,0,0,0,0,0,0,0,0,0
0,0,0,29,0,43,0,0,0,0,0,0,0
0,0,0.5,0,0,0,0,0,0,0,0,0,0
0,0,0,0,0,0,0,0,0,0,0,0,0
0,0,0,13,0,41,0,0,0,0,0,0,0
0,0,1,0,0,0,0,0,0,0,0,0,0
0,0,0,0,0,0,0,0,0,0,0,0,0
0,0,0,36,0,72,0,0,0,0,0,0,0
0,0,1,0,0,0,0,0,0,0,0,0,0
0,0,0,0,0,0,0,0,0,0,0,0,0
0,0,0,15,0,31,0,0,0,0,0,0,0
0,0,0.3333333333333333,0,0,0,0,0,0,0,0,0,0
0,0,0,0,0,0,0,0,0,0,0,0,0
0,0,0,30,0,52,0,0,0,0,0,0,0
0,0,0.5,0,0,0,0,0,0,0,0,0,0
0,0,0,0,0,0,0,0,0,0,0,0,0
0,0,0,33,0,34,0,0,0,0,0,0,0
0,0,0.3333333333333333,0,0,0,0,0,0,0,0,0,0
0,0,0,0,0,0,0,0,0,0,0,0,0
0,0,0,10,0,60,0,0,0,0,0,0,0
0,0,0.3333333333333333,0,0,0,0,0,0,0,0,0,0
0,0,0,0,0,0,0,0,0,0,0,0,0
0,0,0,4,0,17,0,0,0,0,0,0,0
0,0,0.3333333333333333,0,0,0,0,0,0,0,0,0,0
0,0,0,0,0,0,0,0,0,0,0,0,0
0,0,0,34,0,62,0,0,0,0,0,0,0
0,0,0.5,0,0,0,0,0,0,0,0,0,0
0,0,0,0,0,0,0,0,0,0,0,0,0
0,0,0,10,0,25,0,0,0,0,0,0,0
0,0,0.5,0,0,0,0,0,0,0,0,0,0
0,0,0,0,0,0,0,0,0,0,0,0,0
0,0,0,15,0,43,0,0,0,0,0,0,0
0,0,0.3333333333333333,0,0,0,0,0,0,0,0,0,0
0,0,0,0,0,0,0,0,0,0,0,0,0
0,0,0,27,0,17,0,0,0,0,0,0,0
0,0,1,0,0,0,0,0,0,0,0,0,0
0,0,0,0,0,0,0,0,0,0,0,0,0
0,0,0,28,0,19,0,0,0,0,0,0,0
0,0,1,0,0,0,0,0,0,0,0,0,0
0,0,0,0,0,0,0,0,0,0,0,0,0
0,0,0,26,0,15,0,0,0,0,0,0,0
0,0,1,0,0,0,0,0,0,0,0,0,0
0,0,0,0,0,0,0,0,0,0,0,0,0
0,0,0,16,0,60,0,0,0,0,0,0,0
0,0,0.5,0,0,0,0,0,0,0,0,0,0
0,0,0,0,0,0,0,0,0,0,0,0,0
0,0,0,33,0,35,0,0,0,0,0,0,0
0,0,0.5,0,0,0,0,0,0,0,0,0,0
0,0,0,0,0,0,0,0,0,0,0,0,0
0,0,0,30,0,18,0,0,0,0,0,0,0
0,0,0.5,0,0,0,0,0,0,0,0,0,0
0,0,0,0,0,0,0,0,0,0,0,0,0
0,0,0,18,0,26,0,0,0,0,0,0,0
0,0,0.5,0,0,0,0,0,0,0,0,0,0
0,0,0,0,0,0,0,0,0,0,0,0,0
0,0,0,24,0,40,0,0,0,0,0,0,0
0,0,1,0,0,0,0,0,0,0,0,0,0
0,0,0,0,0,0,0,0,0,0,0,0,0
0,0,0,34,0,59,0,0,0,0,0,0,0
0,0,0.5,0,0,0,0,0,0,0,0,0,0
0,0,0,0,0,0,0,0,0,0,0,0,0
0,0,0,40,0,14,0,0,0,0,0,0,0
0,0,1,0,0,0,0,0,0,0,0,0,0
0,0,0,0,0,0,0,0,0,0,0,0,0
0,0,0,20,0,29,0,0,0,0,0,0,0
0,0,0.3333333333333333,0,0,0,0,0,0,0,0,0,0
0,0,0,0,0,0,0,0,0,0,0,0,0
0,0,0,7,0,28,0,0,0,0,0,0,0
0,0,1,0,0,0,0,0,0,0,0,0,0
0,0,0,0,0,0,0,0,0,0,0,0,0
0,0,0,34,0,62,0,0,0,0,0,0,0
0,0,1,0,0,0,0,0,0,0,0,0,0
0,0,0,0,0,0,0,0,0,0,0,0,0
0,0,0,19,0,79,0,0,0,0,0,0,0
0,0,0.5,0,0,0,0,0,0,0,0,0,0
0,0,0,0,0,0,0,0,0,0,0,0,0
0,0,0,33,0,66,0,0,0,0,0,0,0
0,0,0.5,0,0,0,0,0,0,0,0,0,0
0,0,0,0,0,0,0,0,0,0,0,0,0
0,0,0,11,0,30,0,0,0,0,0,0,0
0,0,0.5,0,0,0,0,0,0,0,0,0,0
0,0,0,0,0,0,0,0,0,0,0,0,0
0,0,0,39,0,66,0,0,0,0,0,0,0
0,0,1,0,0,0,0,0,0,0,0,0,0
0,0,0,0,0,0,0,0,0,0,0,0,0
0,0,0,29,0,60,0,0,0,0,0,0,0
0,0,0.3333333333333333,0,0,0,0,0,0,0,0,0,0
0,0,0,0,0,0,0,0,0,0,0,0,0
0,0,0,22,0,14,0,0,0,0,0,0,0
0,0,0.3333333333333333,0,0,0,0,0,0,0,0,0,0
0,0,0,0,0,0,0,0,0,0,0,0,0
0,0,0,15,0,51,0,0,0,0,0,0,0
0,0,0.5,0,0,0,0,0,0,0,0,0,0
0,0,0,0,0,0,0,0,0,0,0,0,0
0,0,0,37,0,55,0,0,0,0,0,0,0
0,0,0.5,0,0,0,0,0,0,0,0,0,0
0,0,0,0,0,0,0,0,0,0,0,0,0
0,0,0,21,0,65,0,0,0,0,0,0,0
0,0,0.3333333333333333,0,0,0,0,0,0,0,0,0,0
0,0,0,0,0,0,0,0,0,0,0,0,0
0,0,0,13,0,73,0,0,0,0,0,0,0
0,0,0.3333333333333333,0,0,0,0,0,0,0,0,0,0
0,0,0,0,0,0,0,0,0,0,0,0,0
0,0,0,28,0,31,0,0,0,0,0,0,0
0,0,0.3333333333333333,0,0,0,0,0,0,0,0,0,0
0,0,0,0,0,0,0,0,0,0,0,0,0
0,0,0,29,0,59,0,0,0,0,0,0,0
0,0,1,0,0,0,0,0,0,0,0,0,0
0,0,0,0,0,0,0,0,0,0,0,0,0
0,0,0,15,0,59,0,0,0,0,0,0,0
0,0,0.5,0,0,0,0,0,0,0,0,0,0
0,0,0,0,0,0,0,0,0,0,0,0,0
0,0,0,21,0,47,0,0,0,0,0,0,0
0,0,0.3333333333333333,0,0,0,0,0,0,0,0,0,0
0,0,0,0,0,0,0,0,0,0,0,0,0
0,0,0,32,0,11,0,0,0,0,0,0,0
0,0,0.5,0,0,0,0,0,0,0,0,0,0
0,0,0,0,0,0,0,0,0,0,0,0,0
0,0,0,34,0,24,0,0,0,0,0,0,0
0,0,0.3333333333333333,0,0,0,0,0,0,0,0,0,0
0,0,0,0,0,0,0,0,0,0,0,0,0
0,0,0,34,0,68,0,0,0,0,0,0,0
0,0,0.5,0,0,0,0,0,0,0,0,0,0
0,0,0,0,0,0,0,0,0,0,0,0,0
0,0,0,40,0,80,0,0,0,0,0,0,0
0,0,1,0,0,0,0,0,0,0,0,0,0
0,0,0,0,0,0,0,0,0,0,0,0,0
0,0,0,24,0,53,0,0,0,0,0,0,0
0,0,0.5,0,0,0,0,0,0,0,0,0,0
0,0,0,0,0,0,0,0,0,0,0,0,0
0,0,0,37,0,67,0,0,0,0,0,0,0
0,0,0.5,0,0,0,0,0,0,0,0,0,0
0,0,0,0,0,0,0,0,0,0,0,0,0
0,0,0,12,0,51,0,0,0,0,0,0,0
0,0,0.3333333333333333,0,0,0,0,0,0,0,0,0,0
0,0,0,0,0,0,0,0,0,0,0,0,0
0,0,0,22,0,24,0,0,0,0,0,0,0
0,0,0.3333333333333333,0,0,0,0,0,0,0,0,0,0
0,0,0,0,0,0,0,0,0,0,0,0,0
0,0,0,28,0,33,0,0,0,0,0,0,0
0,0,0.5,0,0,0,0,0,0,0,0,0,0
0,0,0,0,0,0,0,0,0,0,0,0,0
0,0,0,30,0,80,0,0,0,0,0,0,0
0,0,1,0,0,0,0,0,0,0,0,0,0
0,0,0,0,0,0,0,0,0,0,0,0,0
0,0,0,16,0,73,0,0,0,0,0,0,0
0,0,0.3333333333333333,0,0,0,0,0,0,0,0,0,0
0,0,0,0,0,0,0,0,0,0,0,0,0
0,0,0,4,0,16,0,0,0,0,0,0,0
0,0,1,0,0,0,0,0,0,0,0,0,0
0,0,0,0,0,0,0,0,0,0,0,0,0
0,0,0,11,0,35,0,0,0,0,0,0,0
0,0,1,0,0,0,0,0,0,0,0,0,0
0,0,0,0,0,0,0,0,0,0,0,0,0
0,0,0,5,0,20,0,0,0,0,0,0,0
0,0,0.3333333333333333,0,0,0,0,0,0,0,0,0,0
0,0,0,0,0,0,0,0,0,0,0,0,0
0,0,0,15,0,58,0,0,0,0,0,0,0
0,0,1,0,0,0,0,0,0,0,0,0,0
0,0,0,0,0,0,0,0,0,0,0,0,0
0,0,0,24,0,72,0,0,0,0,0,0,0
0,0,0.3333333333333333,0,0,0,0,0,0,0,0,0,0
0,0,0,0,0,0,0,0,0,0,0,0,0
0,0,0,17,0,60,0,0,0,0,0,0,0
0,0,0.5,0,0,0,0,0,0,0,0,0,0
0,0,0,0,0,0,0,0,0,0,0,0,0
0,0,0,20,0,49,0,0,0,0,0,0,0
0,0,1,0,0,0,0,0,0,0,0,0,0
0,0,0,0,0,0,0,0,0,0,0,0,0
0,0,0,33,0,18,0,0,0,0,0,0,0
0,0,0.5,0,0,0,0,0,0,0,0,0,0
0,0,0,0,0,0,0,0,0,0,0,0,0
0,0,0,6,0,15,0,0,0,0,0,0,0
0,0,0.3333333333333333,0,0,0,0,0,0,0,0,0,0
0,0,0,0,0,0,0,0,0,0,0,0,0
0,0,0,23,0,32,0,0,0,0,0,0,0
0,0,1,0,0,0,0,0,0,0,0,0,0
0,0,0,0,0,0,0,0,0,0,0,0,0
0,0,0,21,0,33,0,0,0,0,0,0,0
0,0,0.3333333333333333,0,0,0,0,0,0,0,0,0,0
0,0,0,0,0,0,0,0,0,0,0,0,0
0,0,0,32,0,57,0,0,0,0,0,0,0
0,0,1,0,0,0,0,0,0,0,0,0,0
0,0,0,0,0,0,0,0,0,0,0,0,0
0,0,0,19,0,57,0,0,0,0,0,0,0
0,0,0.5,0,0,0,0,0,0,0,0,0,0
0,0,0,0,0,0,0,0,0,0,0,0,0
0,0,0,18,0,43,0,0,0,0,0,0,0
0,0,0.3333333333333333,0,0,0,0,0,0,0,0,0,0
0,0,0,0,0,0,0,0,0,0,0,0,0
0,0,0,9,0,35,0,0,0,0,0,0,0
0,0,1,0,0,0,0,0,0,0,0,0,0
0,0,0,0,0,0,0,0,0,0,0,0,0
0,0,0,26,0,29,0,0,0,0,0,0,0
0,0,0.3333333333333333,0,0,0,0,0,0,0,0,0,0
0,0,0,0,0,0,0,0,0,0,0,0,0
0,0,0,19,0,45,0,0,0,0,0,0,0
0,0,1,0,0,0,0,0,0,0,0,0,0
0,0,0,0,0,0,0,0,0,0,0,0,0
0,0,0,30,0,72,0,0,0,0,0,0,0
0,0,0.3333333333333333,0,0,0,0,0,0,0,0,0,0
0,0,0,0,0,0,0,0,0,0,0,0,0
0,0,0,23,0,68,0,0,0,0,0,0,0
0,0,1,0,0,0,0,0,0,0,0,0,0
0,0,0,0,0,0,0,0,0,0,0,0,0
0,0,0,8,0,16,0,0,0,0,0,0,0
0,0,1,0,0,0,0,0,0,0,0,0,0
0,0,0,0,0,0,0,0,0,0,0,0,0
0,0,0,29,0,22,0,0,0,0,0,0,0
0,0,0.5,0,0,0,0,0,0,0,0,0,0
0,0,0,0,0,0,0,0,0,0,0,0,0
0,0,0,27,0,77,0,0,0,0,0,0,0
0,0,0.5,0,0,0,0,0,0,0,0,0,0
0,0,0,0,0,0,0,0,0,0,0,0,0
0,0,0,22,0,74,0,0,0,0,0,0,0
0,0,0.3333333333333333,0,0,0,0,0,0,0,0,0,0
0,0,0,0,0,0,0,0,0,0,0,0,0
0,0,0,27,0,41,0,0,0,0,0,0,0
0,0,1,0,0,0,0,0,0,0,0,0,0
0,0,0,0,0,0,0,0,0,0,0,0,0
0,0,0,37,0,69,0,0,0,0,0,0,0
0,0,0.3333333333333333,0,0,0,0,0,0,0,0,0,0
0,0,0,0,0,0,0,0,0,0,0,0,0
0,0,0,2,0,48,0,0,0,0,0,0,0
0,0,1,0,0,0,0,0,0,0,0,0,0
0,0,0,0,0,0,0,0,0,0,0,0,0
0,0,0,18,0,56,0,0,0,0,0,0,0
0,0,0.3333333333333333,0,0,0,0,0,0,0,0,0,0
0,0,0,0,0,0,0,0,0,0,0,0,0
0,0,0,37,0,35,0,0,0,0,0,0,0
0,0,0.3333333333333333,0,0,0,0,0,0,0,0,0,0
0,0,0,0,0,0,0,0,0,0,0,0,0
0,0,0,38,0,12,0,0,0,0,0,0,0
0,0,0.5,0,0,0,0,0,0,0,0,0,0
0,0,0,0,0,0,0,0,0,0,0,0,0
0,0,0,35,0,65,0,0,0,0,0,0,0
0,0,0.3333333333333333,0,0,0,0,0,0,0,0,0,0
0,0,0,0,0,0,0,0,0,0,0,0,0
0,0,0,16,0,60,0,0,0,0,0,0,0
0,0,0.3333333333333333,0,0,0,0,0,0,0,0,0,0
0,0,0,0,0,0,0,0,0,0,0,0,0
0,0,0,39,0,27,0,0,0,0,0,0,0
0,0,0.5,0,0,0,0,0,0,0,0,0,0
0,0,0,0,0,0,0,0,0,0,0,0,0
0,0,0,7,0,74,0,0,0,0,0,0,0
0,0,0.3333333333333333,0,0,0,0,0,0,0,0,0,0
0,0,0,0,0,0,0,0,0,0,0,0,0
0,0,0,6,0,15,0,0,0,0,0,0,0
0,0,0.3333333333333333,0,0,0,0,0,0,0,0,0,0
0,0,0,0,0,0,0,0,0,0,0,0,0
0,0,0,7,0,56,0,0,0,0,0,0,0
0,0,0.3333333333333333,0,0,0,0,0,0,0,0,0,0
0,0,0,0,0,0,0,0,0,0,0,0,0
0,0,0,21,0,75,0,0,0,0,0,0,0
0,0,1,0,0,0,0,0,0,0,0,0,0
0,0,0,0,0,0,0,0,0,0,0,0,0
0,0,0,15,0,39,0,0,0,0,0,0,0
0,0,1,0,0,0,0,0,0,0,0,0,0
0,0,0,0,0,0,0,0,0,0,0,0,0
0,0,0,35,0,13,0,0,0,0,0,0,0
0,0,0.5,0,0,0,0,0,0,0,0,0,0
0,0,0,0,0,0,0,0,0,0,0,0,0
0,0,0,39,0,52,0,0,0,0,0,0,0
0,0,0.3333333333333333,0,0,0,0,0,0,0,0,0,0
0,0,0,0,0,0,0,0,0,0,0,0,0
0,0,0,25,0,39,0,0,0,0,0,0,0
0,0,0.3333333333333333,0,0,0,0,0,0,0,0,0,0
0,0,0,0,0,0,0,0,0,0,0,0,0
0,0,0,19,0,13,0,0,0,0,0,0,0
0,0,0.5,0,0,0,0,0,0,0,0,0,0
0,0,0,0,0,0,0,0,0,0,0,0,0
0,0,0,4,0,80,0,0,0,0,0,0,0
0,0,0.3333333333333333,0,0,0,0,0,0,0,0,0,0
0,0,0,0,0,0,0,0,0,0,0,0,0
0,0,0,1,0,29,0,0,0,0,0,0,0
0,0,0.5,0,0,0,0,0,0,0,0,0,0
0,0,0,0,0,0,0,0,0,0,0,0,0
0,0,0,14,0,28,0,0,0,0,0,0,0
0,0,0.3333333333333333,0,0,0,0,0,0,0,0,0,0
0,0,0,0,0,0,0,0,0,0,0,0,0
0,0,0,18,0,80,0,0,0,0,0,0,0
0,0,1,0,0,0,0,0,0,0,0,0,0
0,0,0,0,0,0,0,0,0,0,0,0,0
0,0,0,27,0,41,0,0,0,0,0,0,0
0,0,0.5,0,0,0,0,0,0,0,0,0,0
0,0,0,0,0,0,0,0,0,0,0,0,0
0,0,0,26,0,79,0,0,0,0,0,0,0
0,0,0.5,0,0,0,0,0,0,0,0,0,0
0,0,0,0,0,0,0,0,0,0,0,0,0
0,0,0,1,0,37,0,0,0,0,0,0,0
0,0,0.5,0,0,0,0,0,0,0,0,0,0
0,0,0,0,0,0,0,0,0,0,0,0,0
0,0,0,27,0,54,0,0,0,0,0,0,0
0,0,0.5,0,0,0,0,0,0,0,0,0,0
0,0,0,0,0,0,0,0,0,0,0,0,0
0,0,0,25,0,60,0,0,0,0,0,0,0
0,0,0.3333333333333333,0,0,0,0,0,0,0,0,0,0
0,0,0,0,0,0,0,0,0,0,0,0,0
0,0,0,28,0,21,0,0,0,0,0,0,0
0,0,1,0,0,0,0,0,0,0,0,0,0
0,0,0,0,0,0,0,0,0,0,0,0,0
0,0,0,22,0,38,0,0,0,0,0,0,0
0,0,1,0,0,0,0,0,0,0,0,0,0
0,0,0,0,0,0,0,0,0,0,0,0,0
0,0,0,29,0,80,0,0,0,0,0,0,0
0,0,0.5,0,0,0,0,0,0,0,0,0,0
0,0,0,0,0,0,0,0,0,0,0,0,0
0,0,0,36,0,64,0,0,0,0,0,0,0
0,0,0.3333333333333333,0,0,0,0,0,0,0,0,0,0
0,0,0,0,0,0,0,0,0,0,0,0,0
0,0,0,40,0,29,0,0,0,0,0,0,0
0,0,0.5,0,0,0,0,0,0,0,0,0,0
0,0,0,0,0,0,0,0,0,0,0,0,0
0,0,0,10,0,74,0,0,0,0,0,0,0
0,0,0.3333333333333333,0,0,0,0,0,0,0,0,0,0
0,0,0,0,0,0,0,0,0,0,0,0,0
0,0,0,10,0,63,0,0,0,0,0,0,0
0,0,0.5,0,0,0,0,0,0,0,0,0,0
0,0,0,0,0,0,0,0,0,0,0,0,0
0,0,0,7,0,77,0,0,0,0,0,0,0
0,0,0.3333333333333333,0,0,0,0,0,0,0,0,0,0
0,0,0,0,0,0,0,0,0,0,0,0,0
0,0,0,23,0,23,0,0,0,0,0,0,0
0,0,0.5,0,0,0,0,0,0,0,0,0,0
0,0,0,0,0,0,0,0,0,0,0,0,0
0,0,0,8,0,66,0,0,0,0,0,0,0
0,0,0.3333333333333333,0,0,0,0,0,0,0,0,0,0
0,0,0,0,0,0,0,0,0,0,0,0,0
0,0,0,39,0,27,0,0,0,0,0,0,0
0,0,0.5,0,0,0,0,0,0,0,0,0,0
0,0,0,0,0,0,0,0,0,0,0,0,0
0,0,0,18,0,62,0,0,0,0,0,0,0
0,0,0.3333333333333333,0,0,0,0,0,0,0,0,0,0
0,0,0,0,0,0,0,0,0,0,0,0,0
0,0,0,33,0,38,0,0,0,0,0,0,0
0,0,0.5,0,0,0,0,0,0,0,0,0,0
0,0,0,0,0,0,0,0,0,0,0,0,0
0,0,0,36,0,55,0,0,0,0,0,0,0
0,0,0.5,0,0,0,0,0,0,0,0,0,0
0,0,0,0,0,0,0,0,0,0,0,0,0
0,0,0,13,0,62,0,0,0,0,0,0,0
0,0,0.3333333333333333,0,0,0,0,0,0,0,0,0,0
0,0,0,0,0,0,0,0,0,0,0,0,0
0,0,0,27,0,56,0,0,0,0,0,0,0
0,0,1,0,0,0,0,0,0,0,0,0,0
0,0,0,0,0,0,0,0,0,0,0,0,0
0,0,0,37,0,21,0,0,0,0,0,0,0
0,0,1,0,0,0,0,0,0,0,0,0,0
0,0,0,0,0,0,0,0,0,0,0,0,0
0,0,0,6,0,19,0,0,0,0,0,0,0
0,0,0.3333333333333333,0,0,0,0,0,0,0,0,0,0
0,0,0,0,0,0,0,0,0,0,0,0,0
0,0,0,23,0,13,0,0,0,0,0,0,0
0,0,0.3333333333333333,0,0,0,0,0,0,0,0,0,0
0,0,0,0,0,0,0,0,0,0,0,0,0
0,0,0,38,0,76,0,0,0,0,0,0,0
0,0,0.5,0,0,0,0,0,0,0,0,0,0
0,0,0,0,0,0,0,0,0,0,0,0,0
0,0,0,30,0,12,0,0,0,0,0,0,0
0,0,0.5,0,0,0,0,0,0,0,0,0,0
0,0,0,0,0,0,0,0,0,0,0,0,0
0,0,0,36,0,33,0,0,0,0,0,0,0
0,0,0.3333333333333333,0,0,0,0,0,0,0,0,0,0
0,0,0,0,0,0,0,0,0,0,0,0,0
0,0,0,36,0,78,0,0,0,0,0,0,0
0,0,0.5,0,0,0,0,0,0,0,0,0,0
0,0,0,0,0,0,0,0,0,0,0,0,0
0,0,0,5,0,45,0,0,0,0,0,0,0
0,0,1,0,0,0,0,0,0,0,0,0,0
0,0,0,0,0,0,0,0,0,0,0,0,0
0,0,0,19,0,10,0,0,0,0,0,0,0
0,0,0.3333333333333333,0,0,0,0,0,0,0,0,0,0
0,0,0,0,0,0,0,0,0,0,0,0,0
0,0,0,29,0,28,0,0,0,0,0,0,0
0,0,1,0,0,0,0,0,0,0,0,0,0
0,0,0,0,0,0,0,0,0,0,0,0,0
0,0,0,22,0,29,0,0,0,0,0,0,0
0,0,1,0,0,0,0,0,0,0,0,0,0
0,0,0,0,0,0,0,0,0,0,0,0,0
0,0,0,1,0,63,0,0,0,0,0,0,0
0,0,1,0,0,0,0,0,0,0,0,0,0
0,0,0,0,0,0,0,0,0,0,0,0,0
0,0,0,31,0,80,0,0,0,0,0,0,0
0,0,0.3333333333333333,0,0,0,0,0,0,0,0,0,0
0,0,0,0,0,0,0,0,0,0,0,0,0
0,0,0,36,0,68,0,0,0,0,0,0,0
0,0,1,0,0,0,0,0,0,0,0,0,0
0,0,0,0,0,0,0,0,0,0,0,0,0
0,0,0,17,0,41,0,0,0,0,0,0,0
0,0,1,0,0,0,0,0,0,0,0,0,0
0,0,0,0,0,0,0,0,0,0,0,0,0
0,0,0,13,0,69,0,0,0,0,0,0,0
0,0,1,0,0,0,0,0,0,0,0,0,0
0,0,0,0,0,0,0,0,0,0,0,0,0
0,0,0,14,0,16,0,0,0,0,0,0,0
0,0,0.3333333333333333,0,0,0,0,0,0,0,0,0,0
0,0,0,0,0,0,0,0,0,0,0,0,0
0,0,0,3,0,29,0,0,0,0,0,0,0
0,0,0.3333333333333333,0,0,0,0,0,0,0,0,0,0
0,0,0,0,0,0,0,0,0,0,0,0,0
0,0,0,13,0,52,0,0,0,0,0,0,0
0,0,0.3333333333333333,0,0,0,0,0,0,0,0,0,0
0,0,0,0,0,0,0,0,0,0,0,0,0
0,0,0,36,0,70,0,0,0,0,0,0,0
0,0,0.3333333333333333,0,0,0,0,0,0,0,0,0,0
0,0,0,0,0,0,0,0,0,0,0,0,0
0,0,0,28,0,45,0,0,0,0,0,0,0
0,0,0.3333333333333333,0,0,0,0,0,0,0,0,0,0
0,0,0,0,0,0,0,0,0,0,0,0,0
0,0,0,9,0,14,0,0,0,0,0,0,0
0,0,0.3333333333333333,0,0,0,0,0,0,0,0,0,0
0,0,0,0,0,0,0,0,0,0,0,0,0
0,0,0,28,0,65,0,0,0,0,0,0,0
0,0,0.3333333333333333,0,0,0,0,0,0,0,0,0,0
0,0,0,0,0,0,0,0,0,0,0,0,0
0,0,0,16,0,28,0,0,0,0,0,0,0
0,0,0.3333333333333333,0,0,0,0,0,0,0,0,0,0
0,0,0,0,0,0,0,0,0,0,0,0,0
0,0,0,22,0,20,0,0,0,0,0,0,0
0,0,1,0,0,0,0,0,0,0,0,0,0
0,0,0,0,0,0,0,0,0,0,0,0,0
0,0,0,19,0,25,0,0,0,0,0,0,0
0,0,0.5,0,0,0,0,0,0,0,0,0,0
0,0,0,0,0,0,0,0,0,0,0,0,0
0,0,0,10,0,41,0,0,0,0,0,0,0
0,0,0.5,0,0,0,0,0,0,0,0,0,0
0,0,0,0,0,0,0,0,0,0,0,0,0
0,0,0,35,0,48,0,0,0,0,0,0,0
0,0,0.5,0,0,0,0,0,0,0,0,0,0
0,0,0,0,0,0,0,0,0,0,0,0,0
0,0,0,31,0,30,0,0,0,0,0,0,0
0,0,0.3333333333333333,0,0,0,0,0,0,0,0,0,0
0,0,0,0,0,0,0,0,0,0,0,0,0
0,0,0,29,0,14,0,0,0,0,0,0,0
0,0,1,0,0,0,0,0,0,0,0,0,0
0,0,0,0,0,0,0,0,0,0,0,0,0
0,0,0,2,0,31,0,0,0,0,0,0,0
0,0,0.5,0,0,0,0,0,0,0,0,0,0
0,0,0,0,0,0,0,0,0,0,0,0,0
0,0,0,3,0,37,0,0,0,0,0,0,0
0,0,0.3333333333333333,0,0,0,0,0,0,0,0,0,0
0,0,0,0,0,0,0,0,0,0,0,0,0
0,0,0,25,0,29,0,0,0,0,0,0,0
0,0,0.3333333333333333,0,0,0,0,0,0,0,0,0,0
0,0,0,0,0,0,0,0,0,0,0,0,0
0,0,0,18,0,71,0,0,0,0,0,0,0
0,0,0.3333333333333333,0,0,0,0,0,0,0,0,0,0
0,0,0,0,0,0,0,0,0,0,0,0,0
0,0,0,20,0,48,0,0,0,0,0,0,0
0,0,0.5,0,0,0,0,0,0,0,0,0,0
0,0,0,0,0,0,0,0,0,0,0,0,0
0,0,0,36,0,20,0,0,0,0,0,0,0
0,0,0.5,0,0,0,0,0,0,0,0,0,0
0,0,0,0,0,0,0,0,0,0,0,0,0
0,0,0,11,0,17,0,0,0,0,0,0,0
0,0,0.3333333333333333,0,0,0,0,0,0,0,0,0,0
0,0,0,0,0,0,0,0,0,0,0,0,0
0,0,0,30,0,79,0,0,0,0,0,0,0
0,0,1,0,0,0,0,0,0,0,0,0,0
0,0,0,0,0,0,0,0,0,0,0,0,0
0,0,0,7,0,58,0,0,0,0,0,0,0
0,0,0.3333333333333333,0,0,0,0,0,0,0,0,0,0
0,0,0,0,0,0,0,0,0,0,0,0,0
0,0,0,22,0,58,0,0,0,0,0,0,0
0,0,1,0,0,0,0,0,0,0,0,0,0
0,0,0,0,0,0,0,0,0,0,0,0,0
0,0,0,11,0,44,0,0,0,0,0,0,0
0,0,0.5,0,0,0,0,0,0,0,0,0,0
0,0,0,0,0,0,0,0,0,0,0,0,0
0,0,0,8,0,43,0,0,0,0,0,0,0
0,0,0.3333333333333333,0,0,0,0,0,0,0,0,0,0
0,0,0,0,0,0,0,0,0,0,0,0,0
0,0,0,15,0,19,0,0,0,0,0,0,0
0,0,1,0,0,0,0,0,0,0,0,0,0
0,0,0,0,0,0,0,0,0,0,0,0,0
0,0,0,18,0,71,0,0,0,0,0,0,0
0,0,1,0,0,0,0,0,0,0,0,0,0
0,0,0,0,0,0,0,0,0,0,0,0,0
0,0,0,11,0,29,0,0,0,0,0,0,0
0,0,0.3333333333333333,0,0,0,0,0,0,0,0,0,0
0,0,0,0,0,0,0,0,0,0,0,0,0
0,0,0,2,0,31,0,0,0,0,0,0,0
0,0,0.5,0,0,0,0,0,0,0,0,0,0
0,0,0,0,0,0,0,0,0,0,0,0,0
0,0,0,39,0,78,0,0,0,0,0,0,0
0,0,1,0,0,0,0,0,0,0,0,0,0
0,0,0,0,0,0,0,0,0,0,0,0,0
0,0,0,14,0,22,0,0,0,0,0,0,0
0,0,1,0,0,0,0,0,0,0,0,0,0
0,0,0,0,0,0,0,0,0,0,0,0,0
0,0,0,10,0,78,0,0,0,0,0,0,0
0,0,1,0,0,0,0,0,0,0,0,0,0
0,0,0,0,0,0,0,0,0,0,0,0,0
0,0,0,17,0,73,0,0,0,0,0,0,0
0,0,1,0,0,0,0,0,0,0,0,0,0
0,0,0,0,0,0,0,0,0,0,0,0,0
0,0,0,27,0,44,0,0,0,0,0,0,0
0,0,0.3333333333333333,0,0,0,0,0,0,0,0,0,0
0,0,0,0,0,0,0,0,0,0,0,0,0
0,0,0,10,0,20,0,0,0,0,0,0,0
0,0,0.5,0,0,0,0,0,0,0,0,0,0
0,0,0,0,0,0,0,0,0,0,0,0,0
0,0,0,37,0,54,0,0,0,0,0,0,0
0,0,1,0,0,0,0,0,0,0,0,0,0
0,0,0,0,0,0,0,0,0,0,0,0,0
0,0,0,13,0,15,0,0,0,0,0,0,0
0,0,1,0,0,0,0,0,0,0,0,0,0
0,0,0,0,0,0,0,0,0,0,0,0,0
0,0,0,20,0,13,0,0,0,0,0,0,0
0,0,0.3333333333333333,0,0,0,0,0,0,0,0,0,0
0,0,0,0,0,0,0,0,0,0,0,0,0
0,0,0,29,0,21,0,0,0,0,0,0,0
0,0,0.5,0,0,0,0,0,0,0,0,0,0
0,0,0,0,0,0,0,0,0,0,0,0,0
0,0,0,6,0,57,0,0,0,0,0,0,0
0,0,1,0,0,0,0,0,0,0,0,0,0
0,0,0,0,0,0,0,0,0,0,0,0,0
0,0,0,38,0,25,0,0,0,0,0,0,0
0,0,0.5,0,0,0,0,0,0,0,0,0,0
0,0,0,0,0,0,0,0,0,0,0,0,0
0,0,0,39,0,61,0,0,0,0,0,0,0
0,0,0.3333333333333333,0,0,0,0,0,0,0,0,0,0
0,0,0,0,0,0,0,0,0,0,0,0,0
0,0,0,25,0,72,0,0,0,0,0,0,0
0,0,1,0,0,0,0,0,0,0,0,0,0
0,0,0,0,0,0,0,0,0,0,0,0,0
0,0,0,29,0,11,0,0,0,0,0,0,0
0,0,1,0,0,0,0,0,0,0,0,0,0
0,0,0,0,0,0,0,0,0,0,0,0,0
0,0,0,38,0,51,0,0,0,0,0,0,0
0,0,1,0,0,0,0,0,0,0,0,0,0
0,0,0,0,0,0,0,0,0,0,0,0,0
0,0,0,32,0,11,0,0,0,0,0,0,0
0,0,0.3333333333333333,0,0,0,0,0,0,0,0,0,0
0,0,0,0,0,0,0,0,0,0,0,0,0
0,0,0,14,0,80,0,0,0,0,0,0,0
0,0,0.3333333333333333,0,0,0,0,0,0,0,0,0,0
0,0,0,0,0,0,0,0,0,0,0,0,0
0,0,0,7,0,68,0,0,0,0,0,0,0
0,0,0.5,0,0,0,0,0,0,0,0,0,0
0,0,0,0,0,0,0,0,0,0,0,0,0
0,0,0,18,0,71,0,0,0,0,0,0,0
0,0,0.5,0,0,0,0,0,0,0,0,0,0
0,0,0,0,0,0,0,0,0,0,0,0,0
0,0,0,31,0,30,0,0,0,0,0,0,0
0,0,0.3333333333333333,0,0,0,0,0,0,0,0,0,0
0,0,0,0,0,0,0,0,0,0,0,0,0
0,0,0,21,0,47,0,0,0,0,0,0,0
0,0,1,0,0,0,0,0,0,0,0,0,0
0,0,0,0,0,0,0,0,0,0,0,0,0
0,0,0,17,0,48,0,0,0,0,0,0,0
0,0,0.5,0,0,0,0,0,0,0,0,0,0
0,0,0,0,0,0,0,0,0,0,0,0,0
0,0,0,18,0,36,0,0,0,0,0,0,0
0,0,1,0,0,0,0,0,0,0,0,0,0
0,0,0,0,0,0,0,0,0,0,0,0,0
0,0,0,40,0,77,0,0,0,0,0,0,0
0,0,0.3333333333333333,0,0,0,0,0,0,0,0,0,0
0,0,0,0,0,0,0,0,0,0,0,0,0
0,0,0,25,0,33,0,0,0,0,0,0,0
0,0,0.3333333333333333,0,0,0,0,0,0,0,0,0,0
0,0,0,0,0,0,0,0,0,0,0,0,0
0,0,0,37,0,35,0,0,0,0,0,0,0
0,0,0.5,0,0,0,0,0,0,0,0,0,0
0,0,0,0,0,0,0,0,0,0,0,0,0
0,0,0,28,0,11,0,0,0,0,0,0,0
0,0,0.3333333333333333,0,0,0,0,0,0,0,0,0,0
0,0,0,0,0,0,0,0,0,0,0,0,0
0,0,0,24,0,16,0,0,0,0,0,0,0
0,0,0.5,0,0,0,0,0,0,0,0,0,0
0,0,0,0,0,0,0,0,0,0,0,0,0
0,0,0,5,0,70,0,0,0,0,0,0,0
0,0,1,0,0,0,0,0,0,0,0,0,0
0,0,0,0,0,0,0,0,0,0,0,0,0
0,0,0,19,0,53,0,0,0,0,0,0,0
0,0,0.5,0,0,0,0,0,0,0,0,0,0
0,0,0,0,0,0,0,0,0,0,0,0,0
0,0,0,30,0,61,0,0,0,0,0,0,0
0,0,1,0,0,0,0,0,0,0,0,0,0
0,0,0,0,0,0,0,0,0,0,0,0,0
0,0,0,15,0,61,0,0,0,0,0,0,0
0,0,0.5,0,0,0,0,0,0,0,0,0,0
0,0,0,0,0,0,0,0,0,0,0,0,0
0,0,0,20,0,11,0,0,0,0,0,0,0
0,0,0.3333333333333333,0,0,0,0,0,0,0,0,0,0
0,0,0,0,0,0,0,0,0,0,0,0,0
0,0,0,27,0,58,0,0,0,0,0,0,0
0,0,0.5,0,0,0,0,0,0,0,0,0,0
0,0,0,0,0,0,0,0,0,0,0,0,0
0,0,0,27,0,77,0,0,0,0,0,0,0
0,0,0.3333333333333333,0,0,0,0,0,0,0,0,0,0
0,0,0,0,0,0,0,0,0,0,0,0,0
0,0,0,29,0,29,0,0,0,0,0,0,0
0,0,1,0,0,0,0,0,0,0,0,0,0
0,0,0,0,0,0,0,0,0,0,0,0,0
0,0,0,32,0,27,0,0,0,0,0,0,0
0,0,0.3333333333333333,0,0,0,0,0,0,0,0,0,0
0,0,0,0,0,0,0,0,0,0,0,0,0
0,0,0,24,0,36,0,0,0,0,0,0,0
0,0,0.3333333333333333,0,0,0,0,0,0,0,0,0,0
0,0,0,0,0,0,0,0,0,0,0,0,0
0,0,0,17,0,30,0,0,0,0,0,0,0
0,0,1,0,0,0,0,0,0,0,0,0,0
0,0,0,0,0,0,0,0,0,0,0,0,0
0,0,0,25,0,69,0,0,0,0,0,0,0
0,0,1,0,0,0,0,0,0,0,0,0,0
0,0,0,0,0,0,0,0,0,0,0,0,0
0,0,0,4,0,61,0,0,0,0,0,0,0
0,0,0.3333333333333333,0,0,0,0,0,0,0,0,0,0
0,0,0,0,0,0,0,0,0,0,0,0,0
0,0,0,1,0,55,0,0,0,0,0,0,0
0,0,1,0,0,0,0,0,0,0,0,0,0
0,0,0,0,0,0,0,0,0,0,0,0,0
0,0,0,22,0,57,0,0,0,0,0,0,0
0,0,0.5,0,0,0,0,0,0,0,0,0,0
0,0,0,0,0,0,0,0,0,0,0,0,0
0,0,0,21,0,20,0,0,0,0,0,0,0
0,0,0.5,0,0,0,0,0,0,0,0,0,0
0,0,0,0,0,0,0,0,0,0,0,0,0
0,0,0,1,0,47,0,0,0,0,0,0,0
0,0,0.3333333333333333,0,0,0,0,0,0,0,0,0,0
0,0,0,0,0,0,0,0,0,0,0,0,0
0,0,0,29,0,11,0,0,0,0,0,0,0
0,0,1,0,0,0,0,0,0,0,0,0,0
0,0,0,0,0,0,0,0,0,0,0,0,0
0,0,0,11,0,11,0,0,0,0,0,0,0
0,0,0.3333333333333333,0,0,0,0,0,0,0,0,0,0
0,0,0,0,0,0,0,0,0,0,0,0,0
0,0,0,11,0,48,0,0,0,0,0,0,0
0,0,0.5,0,0,0,0,0,0,0,0,0,0
0,0,0,0,0,0,0,0,0,0,0,0,0
0,0,0,16,0,50,0,0,0,0,0,0,0
0,0,0.3333333333333333,0,0,0,0,0,0,0,0,0,0
0,0,0,0,0,0,0,0,0,0,0,0,0
0,0,0,5,0,76,0,0,0,0,0,0,0
0,0,0.3333333333333333,0,0,0,0,0,0,0,0,0,0
0,0,0,0,0,0,0,0,0,0,0,0,0
0,0,0,22,0,31,0,0,0,0,0,0,0
0,0,0.3333333333333333,0,0,0,0,0,0,0,0,0,0
0,0,0,0,0,0,0,0,0,0,0,0,0
0,0,0,5,0,43,0,0,0,0,0,0,0
0,0,1,0,0,0,0,0,0,0,0,0,0
0,0,0,0,0,0,0,0,0,0,0,0,0
0,0,0,20,0,36,0,0,0,0,0,0,0
0,0,0.3333333333333333,0,0,0,0,0,0,0,0,0,0
0,0,0,0,0,0,0,0,0,0,0,0,0
0,0,0,6,0,75,0,0,0,0,0,0,0
0,0,0.3333333333333333,0,0,0,0,0,0,0,0,0,0
0,0,0,0,0,0,0,0,0,0,0,0,0
0,0,0,39,0,50,0,0,0,0,0,0,0
0,0,0.3333333333333333,0,0,0,0,0,0,0,0,0,0
0,0,0,0,0,0,0,0,0,0,0,0,0
0,0,0,37,0,19,0,0,0,0,0,0,0
0,0,1,0,0,0,0,0,0,0,0,0,0
0,0,0,0,0,0,0,0,0,0,0,0,0
0,0,0,14,0,51,0,0,0,0,0,0,0
0,0,0.5,0,0,0,0,0,0,0,0,0,0
0,0,0,0,0,0,0,0,0,0,0,0,0
0,0,0,2,0,73,0,0,0,0,0,0,0
0,0,1,0,0,0,0,0,0,0,0,0,0
0,0,0,0,0,0,0,0,0,0,0,0,0
0,0,0,15,0,67,0,0,0,0,0,0,0
0,0,0.3333333333333333,0,0,0,0,0,0,0,0,0,0
0,0,0,0,0,0,0,0,0,0,0,0,0
0,0,0,3,0,12,0,0,0,0,0,0,0
0,0,0.5,0,0,0,0,0,0,0,0,0,0
0,0,0,0,0,0,0,0,0,0,0,0,0
0,0,0,27,0,76,0,0,0,0,0,0,0
0,0,1,0,0,0,0,0,0,0,0,0,0
0,0,0,0,0,0,0,0,0,0,0,0,0
0,0,0,22,0,26,0,0,0,0,0,0,0
0,0,0.3333333333333333,0,0,0,0,0,0,0,0,0,0
0,0,0,0,0,0,0,0,0,0,0,0,0
0,0,0,18,0,19,0,0,0,0,0,0,0
0,0,1,0,0,0,0,0,0,0,0,0,0
0,0,0,0,0,0,0,0,0,0,0,0,0
0,0,0,15,0,42,0,0,0,0,0,0,0
0,0,0.3333333333333333,0,0,0,0,0,0,0,0,0,0
0,0,0,0,0,0,0,0,0,0,0,0,0
0,0,0,12,0,22,0,0,0,0,0,0,0
0,0,0.3333333333333333,0,0,0,0,0,0,0,0,0,0
0,0,0,0,0,0,0,0,0,0,0,0,0
0,0,0,11,0,52,0,0,0,0,0,0,0
0,0,1,0,0,0,0,0,0,0,0,0,0
0,0,0,0,0,0,0,0,0,0,0,0,0
0,0,0,7,0,71,0,0,0,0,0,0,0
0,0,0.5,0,0,0,0,0,0,0,0,0,0
0,0,0,0,0,0,0,0,0,0,0,0,0
0,0,0,34,0,34,0,0,0,0,0,0,0
0,0,1,0,0,0,0,0,0,0,0,0,0
0,0,0,0,0,0,0,0,0,0,0,0,0
0,0,0,34,0,71,0,0,0,0,0,0,0
0,0,0.5,0,0,0,0,0,0,0,0,0,0
0,0,0,0,0,0,0,0,0,0,0,0,0
0,0,0,16,0,37,0,0,0,0,0,0,0
0,0,1,0,0,0,0,0,0,0,0,0,0
0,0,0,0,0,0,0,0,0,0,0,0,0
0,0,0,18,0,23,0,0,0,0,0,0,0
0,0,0.5,0,0,0,0,0,0,0,0,0,0
0,0,0,0,0,0,0,0,0,0,0,0,0
0,0,0,25,0,76,0,0,0,0,0,0,0
0,0,1,0,0,0,0,0,0,0,0,0,0
0,0,0,0,0,0,0,0,0,0,0,0,0
0,0,0,10,0,73,0,0,0,0,0,0,0
0,0,0.5,0,0,0,0,0,0,0,0,0,0
0,0,0,0,0,0,0,0,0,0,0,0,0
0,0,0,35,0,50,0,0,0,0,0,0,0
0,0,0.3333333333333333,0,0,0,0,0,0,0,0,0,0
0,0,0,0,0,0,0,0,0,0,0,0,0
0,0,0,36,0,18,0,0,0,0,0,0,0
0,0,0.5,0,0,0,0,0,0,0,0,0,0
0,0,0,0,0,0,0,0,0,0,0,0,0
0,0,0,1,0,26,0,0,0,0,0,0,0
0,0,0.5,0,0,0,0,0,0,0,0,0,0
0,0,0,0,0,0,0,0,0,0,0,0,0
0,0,0,23,0,14,0,0,0,0,0,0,0
0,0,1,0,0,0,0,0,0,0,0,0,0
0,0,0,0,0,0,0,0,0,0,0,0,0
0,0,0,33,0,11,0,0,0,0,0,0,0
0,0,0.3333333333333333,0,0,0,0,0,0,0,0,0,0
0,0,0,0,0,0,0,0,0,0,0,0,0
0,0,0,7,0,64,0,0,0,0,0,0,0
0,0,0.5,0,0,0,0,0,0,0,0,0,0
0,0,0,0,0,0,0,0,0,0,0,0,0
0,0,0,15,0,20,0,0,0,0,0,0,0
0,0,1,0,0,0,0,0,0,0,0,0,0
0,0,0,0,0,0,0,0,0,0,0,0,0
0,0,0,2,0,51,0,0,0,0,0,0,0
0,0,0.3333333333333333,0,0,0,0,0,0,0,0,0,0
0,0,0,0,0,0,0,0,0,0,0,0,0
0,0,0,28,0,14,0,0,0,0,0,0,0
0,0,0.5,0,0,0,0,0,0,0,0,0,0
0,0,0,0,0,0,0,0,0,0,0,0,0
0,0,0,38,0,22,0,0,0,0,0,0,0
0,0,0.3333333333333333,0,0,0,0,0,0,0,0,0,0
0,0,0,0,0,0,0,0,0,0,0,0,0
0,0,0,11,0,60,0,0,0,0,0,0,0
0,0,0.3333333333333333,0,0,0,0,0,0,0,0,0,0
0,0,0,0,0,0,0,0,0,0,0,0,0
0,0,0,5,0,66,0,0,0,0,0,0,0
0,0,1,0,0,0,0,0,0,0,0,0,0
0,0,0,0,0,0,0,0,0,0,0,0,0
0,0,0,10,0,12,0,0,0,0,0,0,0
0,0,1,0,0,0,0,0,0,0,0,0,0
0,0,0,0,0,0,0,0,0,0,0,0,0
0,0,0,26,0,78,0,0,0,0,0,0,0
0,0,1,0,0,0,0,0,0,0,0,0,0
0,0,0,0,0,0,0,0,0,0,0,0,0
0,0,0,32,0,56,0,0,0,0,0,0,0
0,0,1,0,0,0,0,0,0,0,0,0,0
0,0,0,0,0,0,0,0,0,0,0,0,0
0,0,0,22,0,57,0,0,0,0,0,0,0
0,0,0.3333333333333333,0,0,0,0,0,0,0,0,0,0
0,0,0,0,0,0,0,0,0,0,0,0,0
0,0,0,32,0,37,0,0,0,0,0,0,0
0,0,0.3333333333333333,0,0,0,0,0,0,0,0,0,0
0,0,0,0,0,0,0,0,0,0,0,0,0
0,0,0,35,0,77,0,0,0,0,0,0,0
0,0,0.5,0,0,0,0,0,0,0,0,0,0
0,0,0,0,0,0,1,1,0,0,1,0,1
0,0,0,0,0,0,1,0,0,0,0,0,1
0,0,0,282,38,0,1,0,0,0,0,0,1
0,0,0,0,0,0,1,1,0,0,1,0,1
0,0,0,0,0,0,0,0,0,0,0,0,1
0,0,0,252,17,0,1,0,0,0,0,0,1
0,0,0,0,0,0,1,1,0,0,1,0,1
0,0,0,0,0,0,1,0,0,0,0,0,1
0,0,0,348,15,0,1,0,0,0,0,0,1
0,0,0,0,0,0,1,1,0,0,1,0,1
0,0,0,0,0,0,1,0,0,0,0,0,1
0,0,0,421,22,0,1,0,0,0,0,0,1
0,0,0,0,0,0,1,1,0,0,1,0,1
0,0,0,0,0,0,1,0,0,0,0,0,1
0,0,0,127,29,0,1,0,0,0,0,0,1
0,0,0,0,0,0,1,1,0,0,1,0,1
0,0,0,0,0,0,1,0,0,0,0,0,1
0,0,0,230,41,0,1,0,0,0,0,0,1
0,0,0,0,0,0,1,1,0,0,1,0,1
0,0,0,0,0,0,0,0,0,0,0,0,1
0,0,0,469,34,0,1,0,0,0,0,0,1
0,0,0,0,0,0,1,1,0,0,1,0,1
0,0,0,0,0,0,1,0,0,0,0,0,1
0,0,0,232,14,0,1,0,0,0,0,0,1
0,0,0,0,0,0,1,1,0,0,1,0,1
0,0,0,0,0,0,1,0,0,0,0,0,1
0,0,0,458,17,0,1,0,0,0,0,0,1
0,0,0,0,0,0,1,1,0,0,1,0,1
0,0,0,0,0,0,0,0,0,0,0,0,1
0,0,0,260,20,0,1,0,0,0,0,0,1
0,0,0,0,0,0,1,1,0,0,1,0,1
0,0,0,0,0,0,1,0,0,0,0,0,1
0,0,0,310,35,0,1,0,0,0,0,0,1
0,0,0,0,0,0,1,1,0,0,1,0,1
0,0,0,0,0,0,0,0,0,0,0,0,1
0,0,0,197,24,0,1,0,0,0,0,0,1
0,0,0,0,0,0,1,1,0,0,1,0,1
0,0,0,0,0,0,1,0,0,0,0,0,1
0,0,0,221,5,0,1,0,0,0,0,0,1
0,0,0,0,0,0,1,1,0,0,1,0,1
0,0,0,0,0,0,1,0,0,0,0,0,1
0,0,0,155,37,0,1,0,0,0,0,0,1
0,0,0,0,0,0,1,1,0,0,1,0,1
0,0,0,0,0,0,1,0,0,0,0,0,1
0,0,0,464,31,0,1,0,0,0,0,0,1
0,0,0,0,0,0,1,1,0,0,1,0,1
0,0,0,0,0,0,1,0,0,0,0,0,1
0,0,0,500,23,0,1,0,0,0,0,0,1
0,0,0,0,0,0,1,1,0,0,1,0,1
0,0,0,0,0,0,1,0,0,0,0,0,1
0,0,0,495,12,0,1,0,0,0,0,0,1
0,0,0,0,0,0,1,1,0,0,1,0,1
0,0,0,0,0,0,1,0,0,0,0,0,1
0,0,0,223,22,0,1,0,0,0,0,0,1
0,0,0,0,0,0,1,1,0,0,1,0,1
0,0,0,0,0,0,1,0,0,0,0,0,1
0,0,0,412,12,0,1,0,0,0,0,0,1
0,0,0,0,0,0,1,1,0,0,1,0,1
0,0,0,0,0,0,1,0,0,0,0,0,1
0,0,0,168,18,0,1,0,0,0,0,0,1
0,0,0,0,0,0,1,1,0,0,1,0,1
0,0,0,0,0,0,1,0,0,0,0,0,1
0,0,0,496,42,0,1,0,0,0,0,0,1
0,0,0,0,0,0,1,1,0,0,1,0,1
0,0,0,0,0,0,1,0,0,0,0,0,1
0,0,0,391,47,0,1,0,0,0,0,0,1
0,0,0,0,0,0,1,1,0,0,1,0,1
0,0,0,0,0,0,1,0,0,0,0,0,1
0,0,0,117,22,0,1,0,0,0,0,0,1
0,0,0,0,0,0,1,1,0,0,1,0,1
0,0,0,0,0,0,0,0,0,0,0,0,1
0,0,0,220,9,0,1,0,0,0,0,0,1
0,0,0,0,0,0,1,1,0,0,1,0,1
0,0,0,0,0,0,1,0,0,0,0,0,1
0,0,0,197,27,0,1,0,0,0,0,0,1
0,0,0,0,0,0,1,1,0,0,1,0,1
0,0,0,0,0,0,1,0,0,0,0,0,1
0,0,0,138,20,0,1,0,0,0,0,0,1
0,0,0,0,0,0,1,1,0,0,1,0,1
0,0,0,0,0,0,1,0,0,0,0,0,1
0,0,0,241,38,0,1,0,0,0,0,0,1
0,0,0,0,0,0,1,1,0,0,1,0,1
0,0,0,0,0,0,0,0,0,0,0,0,1
0,0,0,245,43,0,1,0,0,0,0,0,1
0,0,0,0,0,0,1,1,0,0,1,0,1
0,0,0,0,0,0,0,0,0,0,0,0,1
0,0,0,197,9,0,1,0,0,0,0,0,1
0,0,0,0,0,0,1,1,0,0,1,0,1
0,0,0,0,0,0,1,0,0,0,0,0,1
0,0,0,134,38,0,1,0,0,0,0,0,1
0,0,0,0,0,0,1,1,0,0,1,0,1
0,0,0,0,0,0,0,0,0,0,0,0,1
0,0,0,489,41,0,1,0,0,0,0,0,1
0,0,0,0,0,0,1,1,0,0,1,0,1
0,0,0,0,0,0,1,0,0,0,0,0,1
0,0,0,264,23,0,1,0,0,0,0,0,1
0,0,0,0,0,0,1,1,0,0,1,0,1
0,0,0,0,0,0,1,0,0,0,0,0,1
0,0,0,359,20,0,1,0,0,0,0,0,1
0,0,0,0,0,0,1,1,0,0,1,0,1
0,0,0,0,0,0,1,0,0,0,0,0,1
0,0,0,412,39,0,1,0,0,0,0,0,1
0,0,0,0,0,0,1,1,0,0,1,0,1
0,0,0,0,0,0,1,0,0,0,0,0,1
0,0,0,312,16,0,1,0,0,0,0,0,1
0,0,0,0,0,0,1,1,0,0,1,0,1
0,0,0,0,0,0,1,0,0,0,0,0,1
0,0,0,236,19,0,1,0,0,0,0,0,1
0,0,0,0,0,0,1,1,0,0,1,0,1
0,0,0,0,0,0,1,0,0,0,0,0,1
0,0,0,189,13,0,1,0,0,0,0,0,1
0,0,0,0,0,0,1,1,0,0,1,0,1
0,0,0,0,0,0,1,0,0,0,0,0,1
0,0,0,245,40,0,1,0,0,0,0,0,1
0,0,0,0,0,0,1,1,0,0,1,0,1
0,0,0,0,0,0,1,0,0,0,0,0,1
0,0,0,103,25,0,1,0,0,0,0,0,1
0,0,0,0,0,0,1,1,0,0,1,0,1
0,0,0,0,0,0,1,0,0,0,0,0,1
0,0,0,375,40,0,1,0,0,0,0,0,1
0,0,0,0,0,0,1,1,0,0,1,0,1
0,0,0,0,0,0,1,0,0,0,0,0,1
0,0,0,161,30,0,1,0,0,0,0,0,1
0,0,0,0,0,0,1,1,0,0,1,0,1
0,0,0,0,0,0,1,0,0,0,0,0,1
0,0,0,232,15,0,1,0,0,0,0,0,1
0,0,0,0,0,0,1,1,0,0,1,0,1
0,0,0,0,0,0,1,0,0,0,0,0,1
0,0,0,494,35,0,1,0,0,0,0,0,1
0,0,0,0,0,0,1,1,0,0,1,0,1
0,0,0,0,0,0,1,0,0,0,0,0,1
0,0,0,188,43,0,1,0,0,0,0,0,1
0,0,0,0,0,0,1,1,0,0,1,0,1
0,0,0,0,0,0,1,0,0,0,0,0,1
0,0,0,484,15,0,1,0,0,0,0,0,1
0,0,0,0,0,0,1,1,0,0,1,0,1
0,0,0,0,0,0,1,0,0,0,0,0,1
0,0,0,393,5,0,1,0,0,0,0,0,1
0,0,0,0,0,0,1,1,0,0,1,0,1
0,0,0,0,0,0,1,0,0,0,0,0,1
0,0,0,365,49,0,1,0,0,0,0,0,1
0,0,0,0,0,0,1,1,0,0,1,0,1
0,0,0,0,0,0,1,0,0,0,0,0,1
0,0,0,149,40,0,1,0,0,0,0,0,1
0,0,0,0,0,0,1,1,0,0,1,0,1
0,0,0,0,0,0,1,0,0,0,0,0,1
0,0,0,109,43,0,1,0,0,0,0,0,1
0,0,0,0,0,0,1,1,0,0,1,0,1
0,0,0,0,0,0,1,0,0,0,0,0,1
0,0,0,385,15,0,1,0,0,0,0,0,1
0,0,0,0,0,0,1,1,0,0,1,0,1
0,0,0,0,0,0,1,0,0,0,0,0,1
0,0,0,329,18,0,1,0,0,0,0,0,1
0,0,0,0,0,0,1,1,0,0,1,0,1
0,0,0,0,0,0,1,0,0,0,0,0,1
0,0,0,485,9,0,1,0,0,0,0,0,1
0,0,0,0,0,0,1,1,0,0,1,0,1
0,0,0,0,0,0,1,0,0,0,0,0,1
0,0,0,368,34,0,1,0,0,0,0,0,1
0,0,0,0,0,0,1,1,0,0,1,0,1
0,0,0,0,0,0,1,0,0,0,0,0,1
0,0,0,467,10,0,1,0,0,0,0,0,1
0,0,0,0,0,0,1,1,0,0,1,0,1
0,0,0,0,0,0,1,0,0,0,0,0,1
0,0,0,151,19,0,1,0,0,0,0,0,1
0,0,0,0,0,0,1,1,0,0,1,0,1
0,0,0,0,0,0,1,0,0,0,0,0,1
0,0,0,456,30,0,1,0,0,0,0,0,1
0,0,0,0,0,0,1,1,0,0,1,0,1
0,0,0,0,0,0,1,0,0,0,0,0,1
0,0,0,213,39,0,1,0,0,0,0,0,1
0,0,0,0,0,0,1,1,0,0,1,0,1
0,0,0,0,0,0,1,0,0,0,0,0,1
0,0,0,260,47,0,1,0,0,0,0,0,1
0,0,0,0,0,0,1,1,0,0,1,0,1
0,0,0,0,0,0,1,0,0,0,0,0,1
0,0,0,481,21,0,1,0,0,0,0,0,1
0,0,0,0,0,0,1,1,0,0,1,0,1
0,0,0,0,0,0,1,0,0,0,0,0,1
0,0,0,200,37,0,1,0,0,0,0,0,1
0,0,0,0,0,0,1,1,0,0,1,0,1
0,0,0,0,0,0,1,0,0,0,0,0,1
0,0,0,263,44,0,1,0,0,0,0,0,1
0,0,0,0,0,0,1,1,0,0,1,0,1
0,0,0,0,0,0,1,0,0,0,0,0,1
0,0,0,445,14,0,1,0,0,0,0,0,1
0,0,0,0,0,0,1,1,0,0,1,0,1
0,0,0,0,0,0,1,0,0,0,0,0,1
0,0,0,389,45,0,1,0,0,0,0,0,1
0,0,0,0,0,0,1,1,0,0,1,0,1
0,0,0,0,0,0,1,0,0,0,0,0,1
0,0,0,300,32,0,1,0,0,0,0,0,1
0,0,0,0,0,0,1,1,0,0,1,0,1
0,0,0,0,0,0,1,0,0,0,0,0,1
0,0,0,226,42,0,1,0,0,0,0,0,1
0,0,0,0,0,0,1,1,0,0,1,0,1
0,0,0,0,0,0,1,0,0,0,0,0,1
0,0,0,184,43,0,1,0,0,0,0,0,1
0,0,0,0,0,0,1,1,0,0,1,0,1
0,0,0,0,0,0,1,0,0,0,0,0,1
